id;start_date;end_date;language
1;2024-05-30T12:11:22;2024-05-30T16:53:08;FRENCH
2;2024-05-31T06:06:24;2024-05-30T23:24:20;SPANISH
3;2024-05-30T14:20:32;2024-05-31T08:20:29;SPANISH
4;2024-05-30T17:58:34;2024-05-30T17:05:28;FRENCH
5;2024-05-31T03:23:16;2024-05-31T02:32:22;SPANISH
6;2024-05-31T10:33:26;2024-05-30T19:28:20;FRENCH
7;2024-05-30T17:14:21;2024-05-31T08:05:42;SPANISH
8;2024-05-31T00:21:40;2024-05-30T14:58:52;FRENCH
9;2024-05-30T17:14:13;2024-05-31T00:52:40;FRENCH
10;2024-05-30T17:50:19;2024-05-30T15:55:49;SPANISH
